,Planning,Health & safety,Popular for,Dining options,Offerings,Highlights,Service options,Crowd,Accessibility,Activities,Payments,Recycling,Atmosphere,Getting here,From the business,Amenities,gmap_id,Lodging options,Health and safety
0,,,,,,,,,,,,,,,,,0x809a55833fbe05ad:0xee6507787fb6a26c,,
1,,,,,,,,,,,,,,,,,0x89dc97fd8935dd97:0x80860aef765fe4b4,,
2,,,,,,,,,,,,,,,,,0x89d486fb46b35e0f:0xf89fc350fa1c93f0,,
3,,,,,,,,,,,,,,,,,0x89dc53af65a602b5:0x10190ffe79346777,,
4,,,,,,,,,,,,,,,,,0x89deba26c3815eb7:0x2c206dc2bb7928d9,,
5,,,,,,,,,,,,,,,,,0x808fcca4857141bb:0x8ee693ff85b84051,,
6,,,,,,,,,,,,,,,,,0x809a55833fbe05ad:0xee6507787fb6a26c,,
7,,,,,,,,,,,,,,,,,0x89dc97fd8935dd97:0x80860aef765fe4b4,,
8,,,,,,,,,,,,,,,,,0x89d486fb46b35e0f:0xf89fc350fa1c93f0,,
9,,,,,,,,,,,,,,,,,0x89dc53af65a602b5:0x10190ffe79346777,,
10,,,,,,,,,,,,,,,,,0x89deba26c3815eb7:0x2c206dc2bb7928d9,,
11,,,,,,,,,,,,,,,,,0x808fcca4857141bb:0x8ee693ff85b84051,,
12,,,,,,,,,,,,,,,,,0x80dcf500f233cccb:0xe12a905dac8ce56d,,
13,,,,,,,,,,,,,,,,,0x89d3ef1ae65b1b43:0x8bf13ae03f36eca2,,
14,,,,,,,,,,,,,,,,,0x809a429ca4001767:0x2e0b0d0ccce361a6,,
15,,,,,,,,,,,,,,,,,0x80e954a10debd69d:0xb0cfac4e8d07499f,,
16,,,,,,,,,,,,,,,,,0x89df0171545c9d63:0xb32174675a59f436,,
17,,,,,,,,,,,,,,,,,0x808f9e7a084f7291:0x5511d579cbdb549f,,
18,,,,,,,,,,,,,,,,,0x80858097308a8b67:0x18c3ab00dee1ee2b,,
19,,,,,,,,,,,,,,,,,0x80c2ba29d31d39b3:0xdf1a635e9ad10bf7,,
20,,,,,,,,,,,,,,,,,0x80dcd7e67ff00001:0x4e0c9325b916f0ec,,
21,,,,,,,,,,,,,,,,,0x89d11853a57ca815:0x80db666c440faca,,
22,,,,,,,,,,,,,,,,,0x80c2c9f49cf71e55:0x2d34222942dfa9d9,,
23,,,,,,,,,,,,,,,,,0x80dd729e8d2a292f:0xee60c0dd4f2c9aa7,,
24,,,,,,,,,,,,,,,,,0x808585495e17fb17:0x1bfbaae122af3068,,
25,,,,,,,,,,,,,,,,,0x80dcab6251c95191:0xb438eee95aae06a,,
26,,,,,,,,,,,,,,,,,0x89c258ffcaad98a9:0x2c9c3733efc6ef43,,
27,,,,,,,,,,,,,,,,,0x80dac7699b7c3bfd:0x3817b5269d796cd5,,
28,,,,,,,,,,,,,,,,,0x89d83535ea1c89e9:0x60969af715844b03,,
29,,,,,,,,,,,,,,,,,0x80c8c5be48916e37:0x56087b0b6d03d571,,
30,,,,,,,,,,,,,,,,,0x80c29d92d2ee7be3:0x83470e9ebf3df73e,,
31,,,,,,,,,,,,,,,,,0x80dcab77a87703d7:0x29bde49a5a31673b,,
32,,,,,,,,,,,,,,,,,0x808f0736ddae60f1:0x116dbb485d644d2e,,
33,,,,,,,,,,,,,,,,,0x808580eb2561d4f7:0xd4d85983eb96a80e,,
34,,,,,,,,,,,,,,,,,0x89c2585240000001:0xb38aa8ec0cc82533,,
35,,,,,,,,,,,,,,,,,0x89c258fc6c3037df:0x4c0fd32b72899779,,
36,,,,,,,,,,,,,,,,,0x80eccf4dbf6a8843:0x3dcfd692300ca8e7,,
37,,,,,,,,,,,,,,,,,0x80c8c43c32f286af:0x3b3c451e08af21a7,,
38,,,,,,,,,,,,,,,,,0x89c259a8d3694aad:0x53bb7b3cfa9dcc1a,,
39,,,,,,,,,,,,,,,,,0x80dc6f544e4ef43f:0xd979d6d83b81d3a0,,
40,,,,,"Alcohol, Beer, Cocktails, Hard liquor, Wine","Fast service, Great cocktails","Dine-in, Delivery",Groups,,,,,"Casual, Cozy",,,Restroom,0x89c25a4dd5dcebe9:0xdc469c4188dc5330,,
41,,,,,,,,,,,,,,,,,0x89e82541e0455555:0xe58eb8af0ecd5de1,,
42,,,,,,,,,,,,,,,,,0x8085c67e195a9a51:0x7371f938e8003a86,,
43,,,,,,,,,,,,,,,,,0x80998dc4cb2a0337:0x342dd0913031ee86,,
44,,,,,,,,,,,,,,,,,0x80dc6fbae21461e5:0x56e4a34c13f151f4,,
45,,,,,,,,,,,,,,,,,0x808580f3c0b5954d:0x4b9089fbe1018743,,
46,,,,,,,,,,,,,,,,,0x89d9f204bf81d3d5:0x9f909457b566ff2f,,
47,,,,,,,,,,,,,,,,,0x80c8bfd96e5bbe3f:0x14f7f720efdce2a3,,
48,,,,,,,,,,,,,,,,,0x80c8c46c140e9963:0xc9a6b6645fbb7d8b,,
49,,,,,,,,,,,,,,,,,0x809aa01973d8b303:0x274a9fb79d71bab4,,
50,,,,,,,,,,,,,,,,,0x89c2f612248002bd:0x110c9492e7d1b9b7,,
51,,,,,,,,,,,,,,,,,0x89c2f720760a3b95:0xcc98298b78d187f9,,
52,,,,,,,,,,,,,,,,,0x8094677ef8ae34c9:0x8af1b0f41fd35319,,
53,,,,,,,,,,,,,,,,,0x80dc038e5b6e29b3:0x69e045871faed677,,
54,,,,,,,,,,,,,,,,,0x80e91388caadb625:0x588b3ac5494b3da,,
55,,Appointment required,,,,,,,,,,,,,,,0x809691b1f17f78f3:0x435ef5ffc31b75a9,,
56,,,,,,,,,,,,,,,,,0x80c8c544668d8617:0xe909f674e64bce00,,
57,,,,,,,,,,,,,,,,,0x808f86e5b564bed9:0xedbcd284f90a72a5,,
58,,,,,,,,,,,,,,,,,0x89db590fe894ac4d:0xe6cdf39679c1ab91,,
59,,,,,,,,,,,,,,,,,0x80dcd904203c730d:0xaca608cbd6f9b588,,
60,,,,,,,,,,,,,,,,,0x809d0df44f33fe4b:0x37c76db8afd7e0cc,,
61,,,,,,,,,,,,,,,,,0x808411e53e868303:0x74eb46cc1181ca5,,
62,,,,,,,,,,,,,,,,,0x80db121520ef3407:0xa5ce5a683c32a827,,
63,,,,,,,,,,,,,,,,,0x808fbfb976815bc9:0x474c80cf926d4148,,
64,,,,,,,,,,,,,,,,,0x808fec0ed02432e5:0x14a6ace215c8a07b,,
65,,,,,,,,,,,,,,,,,0x89d6ccb569245f2f:0xa66dcf3d47771ca9,,
66,,,,,,,,,,,,,,,,,0x89dfc5b358e40001:0x167ccca5d2ab6216,,
67,,,,,,,,,,,,,,,,,0x80c2582ec4877969:0x35cfb5033435968,,
68,,,,,,,,,,,,,,,,,0x89dc4ca7b63134bf:0xaf23c9cf30d4bf44,,
69,,,,,,,,,,,,,,,,,0x89d1af1ff6a750db:0xb2e4d045f836d612,,
70,,,,,,,,,,,,,,,,,0x80d1ec3df7c7a68f:0xb43cf96a7df0b615,,
71,,,,,,,,,,,,,,,,,0x80dcace02c016979:0x6803b5742ee97282,,
72,,,,,,,,,,,,,,,,,0x808de7696de8bbe9:0x28ec80bc8c566f8,,
73,,,,,,,,,,,,,,,,,0x80dcd7dc50270acb:0x2d2f9eed7b18d0b0,,
74,,,,,,,,,,,,,,,,,0x80c2b362ee533fa7:0xc66ec267bc79011e,,
75,,,,,,,,,,,,,,,,,0x80db89906f85b56b:0x251e7de58d897330,,
76,,,,,,,,,,,,,,,,,0x54cd0d20f847e9e1:0xf224fa4ea6e41bcd,,
77,,,,,,,,,,,,,,,,,0x80841051312f2585:0xa9f6d1e681f84ccc,,
78,,,,,,,,,,,,,,,,,0x89de0dfc808682b9:0x81849b3c4855cf29,,
79,,,,,,,,,,,,,,,,,0x80960c5b4af198e7:0x1756cba0b44b78a2,,
80,,,,,,,,,,,,,,,,,0x89db68448b69b223:0xec663dec0ce68301,,
81,,,,,,,,,,,,,,,,,0x89de0b0875073937:0x7988132f0168768c,,
82,,,,,,,,,,,,,,,,,0x89dca5139943d611:0x67b9fd9133a4484f,,
83,,,,,,,,,,,,,,,,,0x808de453b2d0a755:0xa33bb70829e596eb,,
84,,,,,,,,,,,,,,,,,0x89c287bf9e904e67:0xa13fc12cea21c48c,,
85,,,,,,,,,,,,,,,,,0x80960d082321c01d:0x73e8bea185877db6,,
86,,,,,,,,,,,,,,,,,0x80c3337578149bc3:0xe1fbe30d68cb654c,,
87,,,,,,,,,,,,,,,,,0x80c2c726ff611c9b:0x886dc4eff4972e0a,,
88,,,,,,,,,,,,,,,,,0x808581156c1e229d:0x3b3585b21c8ad9da,,
89,,,,,,,,,,,,,,,,,0x89db086de25b9845:0x9ba186e1c9da6867,,
90,,,,,,,,,,,,,,,,,0x80dd28a42894af4d:0x87f8922407e415c9,,
91,,,,,,,,,,,,,,,,,0x8099f6b294d0400f:0x18625154f9c351b6,,
92,,,,,,,,,,,,,,,,,0x80c8c43b403a2b63:0x26a6fb6158fd1ed2,,
93,,,,,,,,,,,,,,,,,0x80db1b13a8a802d3:0x85350bb95e0a5018,,
94,,,,,,,,,,,,,,,,,0x8085817d4310f8ff:0xab2dd78f70c687ab,,
95,,,,,,,,,,,,,,,,,0x89c2f46dd1d9b783:0x3dd1c99847de8632,,
96,,,,,,,,,,,,,,,,,0x80901297c39e118d:0xf5e9380093392d6a,,
97,,,,,,,,,,,,,,,,,0x80dc7b01fb8045ab:0x1c1fedea2b9c7b9f,,
98,,,,,,,,,,,,,,,,,0x89c25d083146323d:0x99be325598c440fa,,
99,,Appointment required,,,,,,,,,,,,,,,0x89df92bb9c18eb0f:0xacd30b29b821fd95,,
100,,,,,,,,,,,,,,,,,0x89d8e91c03de5edf:0xba3fb1b49fd93c65,,
101,,,,,,,,,,,,,,,,,0x808f80b715d50f07:0xcaabb7b3e709951d,,
102,,,,,,,,,,,,,,,,,0x80c8d7f43ea0556f:0x3fd5dee3e089d163,,
103,Accepts reservations,"Mask required, Staff wear masks, Staff required to disinfect surfaces between visits","Lunch, Solo dining","Lunch, Dinner","Alcohol, Beer, Cocktails, Coffee, Comfort food, Kids' menu",,"Takeout, Dine-in, Delivery",Family-friendly,"Wheelchair accessible entrance, Wheelchair accessible seating",,Debit cards,,Casual,,,"Bar onsite, Good for kids, Restroom",0x89d231154e829b61:0x8475b07f83c6ed22,,
104,,,,,,,,,,,,,,,,,0x89c259f7010fc943:0xdfe1f9f7fbdc996f,,
105,,,,,,,,,,,,,,,,,0x808f7c6d0bf21799:0x5a79268c7e0ed9cd,,
106,,,,,,,,,Wheelchair accessible entrance,,,,,,,,0x80dcacce9802f219:0xb0e1dc74009f2335,,
107,,,,,,,,,,,,,,,,,0x808de61458327aa7:0x2733cdf5fe4fa4e0,,
108,,,,,,,,,,,,,,,,,0x80c2b890ef2c7659:0x505785273ef565d4,,
109,,,,,,,,,,,,,,,,,0x80db1ba5e2109b83:0x1a709ea1475ec23e,,
110,,,,,,,,,,,,,,,,,0x89ef534ae39f54fd:0x392cc411a6a2189a,,
111,,,,,,,,,,,,,,,,,0x89dae501b1bf9597:0x3ff3ab8636ae13df,,
112,,,,,,,,,,,,,,,,,0x89e895bb00ea57c5:0xdaaeba08d5ccfb4,,
113,,,,,,,,,Wheelchair accessible entrance,,,,,,,,0x80d954b39dea9df9:0xf600352d7ec90db9,,
114,,,,,,,,,,,,,,,,,0x808305059aa5694b:0x1357b91369deef70,,
115,,,,,,,,,,,,,,,,,0x8083050585493eb9:0xcef2d66dfda4054e,,
116,,,,,,,,,,,,,,,,,0x80dcdeb54084cced:0xe5173eed1b5eba9,,
117,,,,,,,,,,,,,,,,,0x80c2b6dc99053a13:0x5335f1332266b118,,
118,,,,,,,,,,,,,,,,,0x8094f01cf42b590b:0x528e22837cc53824,,
119,,,,,,,,,,,,,,,,,0x80c2c82cdd197a09:0xd7efa89d52ea2909,,
120,,,,,,,,,,,,,,,,,0x808e323fd4e76617:0x74e301d0aa83a9cc,,
121,,,,,,,,,,,,,,,,,0x80dc03888f93daef:0x9e0ff0c14d8ce4dd,,
122,,,,,,,,,,,,,,,,,0x88d9c81f1668859b:0x2ebe43ca27be07d3,,
123,,,,,,,,,,,,,,,,,0x80db8b2edad52221:0xbfd414d36919f199,,
124,,,,,,,,,Wheelchair accessible entrance,,,,,,,,0x80dc01eb278a6889:0x22083f0f35f3d630,,
125,,,,,,,,,,,,,,,,,0x808fb5aebf3f1beb:0x3542f6a67d2e63da,,
126,,,,,,,,,,,,,,,,,0x80c2b6d6dceba761:0xff8a1a5201d776f9,,
127,,,,,,,,,,,,,,,,,0x809965f7cc1751a3:0xdb6a728c2167b60a,,
128,,,,,,,,,,,,,,,,,0x80857e22ca1b40c7:0x773d286fafde6976,,
129,,,,,,,,,,,,,,,,,0x54d2ecbd6ae56e2d:0xe187bf2c59dbb44a,,
130,,,,,,,,,,,,,,,,,0x80c2bf3849605319:0x3a0645754897ffee,,
131,,,,,,,,,,,,,,,,,0x80dd27879a957e49:0x6f5aa8b1b16600f7,,
132,,,,,,,,,,,,,,,,,0x89c25962e0e4e2ab:0x9ccd84bb99a80903,,
133,,,,,,,,,,,,,,,,,0x80d953ad0df8eb39:0x6d452fc5cc7f635,,
134,,,,,,,,,,,,,,,,,0x808421fbcf2f6231:0x618e7e049deb2098,,
135,,,,,,,,,,,,,,,,,0x80dcd9a5329d2933:0xe6845a51695d7ac8,,
136,,,,,,,,,,,,,,,,,0x80c8c1fa633f64b7:0x2cd93f334e7886a7,,
137,,,,,,,,,,,,,,,,,0x80c8c46b8f955555:0xf2a812b082278e75,,
138,,,,,,,,,,,,,,,,,0x80999073591a1447:0xbb015b7022721af7,,
139,,,,,,,,,,,,,,,,,0x80d954a5ef745dc3:0x62126c5a5404b5db,,
140,,,,,,,,,,,,,,,,,0x8769657891529587:0xd8852c026d484589,,
141,,,,,,,,,,,,,,,,,0x80ecc54342d34513:0x69e4d2c204cf32da,,
142,,,,,,,,,,,,,,,,,0x89dc581dd011df51:0xac7427fd4eefd8de,,
143,,,,,,,,,,,,,,,,,0x89dda727441cf737:0x72807623e6d06bd9,,
144,,,,,,,,,,,,,,,,,0x80ecc28083141b67:0x1f3f533835312e00,,
145,,,,,,,,,,,,,,,,,0x89df85b74ebc64fd:0x6acb785a8186dd04,,
146,,,,,,,Delivery,,,,,,,,,,0x89c2eadda0b8dffb:0xe9d3aca377132c89,,
147,,,,,,,,,,,,,,,,,0x80dbc4e10fc52ca5:0x1a9eb1c5452173f9,,
148,,,,,,,,,,,,,,,,,0x808f80a85a23e5c5:0x9d86802d476a35da,,
149,,,,,,,,,,,,,,,,,0x89c2cce83f9267a7:0x5aac6b3c77496573,,
150,,,,,,,,,,,,,,,,,0x89c260d1d95b4953:0xac347cf54eff6f42,,
151,,,,,,,,,,,,,,,,,0x80d9535964b39c65:0xe4b8646905003caf,,
152,,,,,,,,,,,,,,,,,0x89c331131c1a31d5:0xa92dca858257dcad,,
153,,"Appointment required, Mask required, Staff wear masks, Staff required to disinfect surfaces between visits",,,,,"Onsite services, Online appointments",,,,,,,,,,0x8083e5e20c9c6081:0x240f90974be52989,,
154,,,,,,,,,,,,,,,,,0x808fca09e5620ccf:0xdfedcb060d297627,,
155,,,,,,,,,,,,,,,,,0x80c8dbb95761393b:0x60ae868ad6887830,,
156,,,,,,,,,,,,,,,,,0x8085809a4efb91b5:0x554af337c69444fb,,
157,,,,,,,,,,,,,,,,,0x89d98d555b65931b:0x86cece1507bab13b,,
158,,,,,,,,,,,,,,,,,0x8832a7b62b268f89:0xbfeb7ece0f5d576a,,
159,,,,,,,,,,,,,,,,,0x80e913f5aa7bd3d1:0x65ea4480eb50f5ad,,
160,,,,,,,,,,,,,,,,,0x80c2d1da09149391:0x3683e011b0120204,,
161,,,,,,,,,,,,,,,,,0x80c379a60fe41d7b:0x3c4a6504da21c5,,
162,,,,,,,,,,,,,,,,,0x80841f57b2afffff:0x5e76e7595def83ac,,
163,,,,,,,,,,,,,,,,,0x80c2c7859ee288eb:0x7aa6c2712f66c469,,
164,,,,,,,,,,,,,,,,,0x80d964c12b764d2b:0xcbb2088b9bf2cd55,,
165,,,,,,,,,"Wheelchair accessible entrance, Wheelchair accessible restroom",,,,,,,"Public restroom, Restroom",0x89ddea0d6ebf3737:0x5a2e892c0aed6c16,,
166,,,,,,,,,,,,,,,,,0x80dc7885956d89af:0x6153172bf453f9df,,
167,,,,,,,,,,,,,,,,,0x89d47517b517a3bf:0x71a79561f84d185f,,
168,,,,,,,,,,,,,,,,,0x80d9535902ea55ef:0x42cd61a547804dfe,,
169,,,,,,,,,,,,,,,,,0x80d953acbd674ec9:0x10f53de13fb4d195,,
170,,,,,,,,,,,,,,,,,0x884ce436396a9701:0x15289b9b675a000f,,
171,,,,,,,,,,,,,,,,,0x89d77cb311569843:0xd67f90a4443a2585,,
172,,,,,,,,,,,,,,,,,0x808f85a23b300001:0xf68ba6724d48e6b7,,
173,,,,,,,,,,,,,,,,,0x89d973d8e88e2d4f:0x7ada18e9d048b4b4,,
174,,,,,,,,,,,,,,,,,0x80dc71abc85e676b:0x820c1662ce506f7,,
175,,,,,,,,,,,,,,,,,0x80dd29fd8a304a69:0x2c21ce79fcdd5692,,
176,,,,,,,,,,,,,,,,,0x80ea420aadc5f217:0x2296ccfc8e434a16,,
177,,,,,,,,,,,,,,,,,0x80d954a5d59ffe45:0x716273bc0e2f7ffa,,
178,,,,,,,,,,,,,,,,,0x808580846a1532e9:0xbb33f120a114d924,,
179,,,,,,,,,,,,,,,,,0x89c2f6118600e6e5:0x2be809a66e730b60,,
180,,,,,,,,,,,,,,,,,0x89dd11a6591e8c99:0x7287e605b7ac29f9,,
181,,,,,,,,,,,,,,,,,0x808513b493b1f0c5:0x1b050d85b6540dad,,
182,,,,,,,,,,,,,,,,,0x89d3751ae436beef:0x7759893d58496bf5,,
183,,,,,,,,,,,,,,,,,0x80dce7ffae798665:0x2181a22d86cdaa7d,,
184,,,,,,,,,,,,,,,,,0x89e84ab31242ab65:0x8090532dbdfb39e6,,
185,,,,,,,,,,,,,,,,,0x8083ff094de836d3:0xf0ed2d0411dbe06d,,
186,,,,,,,,,,,,,,,,,0x80c2daa5ef026a15:0x9f27c7447029663,,
187,,,,,,,,,,,,,,,,,0x8085808e6845c44f:0x28c84b2f68d4775a,,
188,,,,,,,,,,,,,,,,,0x80dc03fb8646d903:0xf557206e24625098,,
189,,,,,,,,,,,,,,,,,0x54d157e546e7900f:0x1a4cd0e763ef22e2,,
190,,,,,,,,,,,,,,,,,0x80dce91a4ee1aa55:0x85c92225155b8088,,
191,,,,,,,,,,,,,,,,,0x80db89b420cb1593:0x9d2df2a9cd387fcf,,
192,,,,,,,,,,,,,,,,,0x809b0540f33108c5:0x9fdf0426e106bcd8,,
193,,,,,,,,,,,,,,,,,0x876965adae54380f:0x160beb83efae7047,,
194,,,,,,,,,,,,,,,,,0x89c259a50348e327:0x382bee9511791d35,,
195,,,,,,,,,,,,,,,,,0x80dc6e35773b2827:0xcd8346243467b3d9,,
196,,,,,,,,,,,,,,,,,0x89c2600ee7d835b5:0xfc5c862c360e5f36,,
197,,,,,,,,,,,,,,,,,0x89c25900c0bc4039:0xabae9eb47d4ddf31,,
198,,,,,,,,,,,,,,,,,0x8094ffa3d628ec63:0xbb4daaba763150c2,,
199,,,,,,,,,,,,,,,,,0x80ea6bf2ac7ca77d:0x3884c61a8237836b,,
200,,,,,,,,,,,,,,,,,0x80ece19df94890db:0xc9492725969d1990,,
201,,,,,,,,,,,,,,,,,0x808e6a98ffaf0397:0x3e98fa1f81d57a1,,
202,,,,,,,,,,,,,,,,,0x808e1535c1e4c81d:0x811f43fde3b11358,,
203,,"Appointment required, Mask required, Staff wear masks",,,,,,,,,,,,,,,0x80960db0f4d71e03:0xc3eb5c2a8f55f590,,
204,,,,,,,,,,,,,,,,,0x809d12a2369dcee7:0xadc2650b37ccb72f,,
205,,,,,,,,,,,,,,,,,0x80e9e5b882d31ebd:0xb922b0e1857ac37b,,
206,,,,,,,,,,,,,,,,,0x809467164feb861f:0x183d3c4d4036abac,,
207,,,,,,,,,,,,,,,,,0x80db21edc7beb547:0xaa63bf150952bb90,,
208,,,,,,,,,,,,,,,,,0x808e3ede7f846ebd:0x20fd03cdc1a2cde6,,
209,,,,,,,,,,,,,,,,,0x80900d062ad0f7a5:0xffb1fd8b0ea711bd,,
210,,,,,,,,,,,,,,,,,0x4ccafbe4f7ac974f:0x53e8c6545930cc7c,,
211,,,,,,,,,,,,,,,,,0x808e6a992bf9c699:0xaeab0a4cc3a49770,,
212,,,,,,,,,,,,,,,,,0x808f73b620c0d4d7:0xa675bb8315a8af5b,,
213,,,,,,,,,,,,,,,,,0x89dd8d8dd059884b:0x1659e5595185ae3d,,
214,,,,,,,,,,,,,,,,,0x89c259811dd73a8d:0xa1c89f43647fa796,,
215,,,,,,,,,,,,,,,,,0x89d2a900e544f78f:0x826126c51ee2402f,,
216,,,,,,,,,,,,,,,,,0x8091063537b6e63b:0x49be856bef7ca27a,,
217,,,,,,,,,,,,,,,,,0x80e914ded409b06d:0x8da15a7fbe5d3afd,,
218,,,,,,,,,,,,,,,,,0x80dd2a11cd220995:0xa9f05d16cad668a8,,
219,,,,,,,,,,,,,,,,,0x89de6a9e26e00bff:0x488dd79cd53cc77b,,
220,,,,,,,,,,,,,,,,,0x80da580ef8dbd7c3:0x39038d0f79b31b3b,,
221,,,,,,,,,,,,,,,,,0x80c2c7baa2113239:0x37fb76ef73a85385,,
222,,,,,,,,,,,,,,,Identifies as veteran-led,,0x89c258fcd0b5f04f:0x52826fe6e8398c74,,
223,,,,,,,,,,,,,,,,,0x80dd32dac12ad8b5:0x20058386661c8fa1,,
224,,,,,,,,,,,,,,,,,0x80c2c4bddb2fffff:0x114cb65f4d9de996,,
225,,,,,,,,,,,,,,,,,0x89e82b700f82a895:0xb07320f3bcda0027,,
226,,,,,,,,,,,,,,,,,0x808405badfb3e0b7:0x996c4117f8de7110,,
227,,,,,,,,,,,,,,,,,0x882d53b769755187:0x56d43d932212f73f,,
228,,,,,,,,,,,,,,,,,0x89c258568ff26bdf:0x3e4590ee94f6620c,,
229,,,,,,,,,,,,,,,,,0x80dcf11ed3ecafc7:0xb7fc6386e6c43cb8,,
230,,,,,,,,,,,,,,,,,0x54d2ece59926409d:0xfa10fbf1107a630c,,
231,,,,,,,,,,,,,,,,,0x80c32b7e64094ee3:0x16629e4d58644dae,,
232,,,,,,,,,,,,,,,,,0x89dfcd80c54c878b:0xf1013e31bd6f030a,,
233,,,,,,,,,,,,,,,,,0x80dd35d3d61e93d7:0x725a7b282dbf1ed8,,
234,,,,,,,,,,,,,,,,,0x80c2a4c7bcbea1d3:0x3379f3c84beeeea0,,
235,,,,,,,,,,,,,,,,,0x80dcd7d55af6821d:0x921b9529d837de6d,,
236,,,,,,,,,,,,,,,,,0x808e402635c6275b:0xd4bdadb5b03c70cf,,
237,,,,,,,,,,,,,,,,,0x808e6a9c73cdf501:0x9f727b85347a6b75,,
238,,Appointment required,,,,,,,,,,,,,,,0x808e15365e06dd19:0x7e550f105128d0bb,,
239,,,,,,,,,,,,,,,,,0x809bf722a0da6a09:0x6d8f258eabff01c5,,
240,,,,,,,,,,,,,,,,,0x89e9cbf7a7a96d7f:0xacbd335fc1a393c6,,
241,,,,,,,,,,,,,,,,,0x80940be6db52fa83:0xe0fcc7283711e3f4,,
242,,,,,,,,,,,,,,,,,0x80e989352069c8bd:0x4f71108edde68d48,,
243,,,,,,,,,,,,,,,,,0x80952974ac68f915:0xdcc33c7b10939ecf,,
244,,,,,,,,,,,,,,,,,0x89c25ba00e828b77:0x64c926d1109040b,,
245,,,,,,,,,,,,,,,,,0x809467249a776e57:0xf3abb011b39508ef,,
246,,,,,,,,,,,,,,,,,0x8083051d0aa9c667:0xf684f2d5d330212a,,
247,,,,,,,,,Wheelchair accessible entrance,,,,,,,Good for kids,0x89d486ec5b15e6df:0x1782ecb9ef1eef46,,
248,,,,,,,,,,,,,,,,,0x89d1afb11ffa1921:0xccab9cd6c7bc171f,,
249,,,,,,,,,,,,,,,,,0x89c25f2c9d417045:0xefed9acb6ec254c8,,
250,,,,,,,,,,,,,,,,,0x80969d9a5ac81c75:0xa0f86fde556b0e9c,,
251,,,,,,,,,,,,,,,,,0x80c2c6083d822cb1:0x611573c2cea2ef32,,
252,,,,,,,,,,,,,,,,,0x89c32d3bdc34d88f:0xeb86c2f100a44d6,,
253,,,,,,,,,,,,,,,,,0x80e9ee332d495cb3:0x3068ada0bfb862c7,,
254,,,,,,,,,,,,,,,,,0x89c2671f04acf0c3:0x719a3d6a03f0eef7,,
255,,,,,,,,,Wheelchair accessible entrance,,,,,,,,0x80c8c4180c252b1d:0x119974710991e313,,
256,,,,,,,,,,,,,,,,,0x80d953583ae1cc23:0x786d331b5f292841,,
257,,,,,,,,,,,,,,,,,0x80858061f09e3dd1:0x52c6119dc0399e82,,
258,,,,,,,,,,,,,,,,,0x808580da3ba2fdb7:0xd92192a2f7e37deb,,
259,,,,,,,,,,,,,,,,,0x89c28a41dda259e3:0x1d946b47bdc7bf1f,,
260,,,,,,,,,,,,,,,,,0x808f867c5723ffff:0x27a9435b77ad3661,,
261,,,,,,,,,,,,,,,,,0x8085aebbd286679b:0xd0a90c8e9a7c950d,,
262,,,,,,,,,,,,,,,,,0x89d6b3574c44e581:0x31252b5276fd034,,
263,,Appointment required,,,,,,,,,,,,,,,0x89e88c8332f01f55:0xfd01ce8fa0d4bcf4,,
264,,,,,,,,,,,,,,,,,0x80db281a840c73b3:0xc8bb0f1ad7e71175,,
265,,,,,,,,,,,,,,,,,0x8090cbf646f7b83f:0x60df153109f75f7e,,
266,,,,,,,,,,,,,,,,,0x80c2be54ee3a9fc5:0x8de3d398833696f0,,
267,,,,,,,,,,,,,,,,,0x80858091f981897d:0xd887d4f88616b098,,
268,,,,,,,,,,,,,,,,,0x89e8aceb6286d9df:0x561ffeca5e1f1ba9,,
269,Accepts reservations,,,,"Alcohol, Beer, Cocktails, Hard liquor, Wine",Great cocktails,"Dine-in, Delivery","Groups, Tourists",,,,,Cozy,,,Restroom,0x89c259d10e654f89:0x62d82b277df2095a,,
270,,,,,,,,,,,,,,,,,0x80cf35361e0b0cc3:0x72ff6cea255f96d3,,
271,,,,,,,,,,,,,,,,,0x808f779fb3554fb9:0x2149376265f415b7,,
272,,,,,,,,,,,,,,,,,0x89c25907765544c3:0x3ba67f2451cb649d,,
273,,,,,,,,,,,,,,,,,0x80c35223c6701429:0x58333b7e74aa6402,,
274,,,,,,,,,,,,,,,,,0x80942783c1dfc06b:0x85cf04b86a6b4478,,
275,,,,,,,,,,,,,,,,,0x8085ce0746554b07:0xaad73fb2c2cf854,,
276,,,,,,,,,,,,,,,,,0x80c8c5cf3d80250d:0x92e0f978434ef619,,
277,,,,,,,,,,,,,,,,,0x89c25bf0c45b4bc1:0xcd6d61428c50a28,,
278,,,,,,,,,,,,,,,,,0x89c258f983c4cf7f:0xdd393060b26d3309,,
279,,,,,,,,,,,,,,,,,0x80d7653675a6c0e1:0x5cd7d0481cd5a0ef,,
280,,,,,,,,,,,,,,,,,0x89c2ccec61996fe5:0xc9288c456fe5eb22,,
281,,,,,,,,,,,,,,,,,0x80945ff263fcef87:0x45edc4550d05f3d5,,
282,,,,,,,,,,,,,,,,,0x80c2bf3bb117a85b:0xcfe4a09ad9028d6b,,
283,,,,,,,,,,,,,,,,,0x89c2669478c18803:0xb0ceb8407057e1b,,
284,,,,,,,,,,,,,,,,,0x80d95504407f0f83:0xbc398c2a894dd7b9,,
285,,,,,,,,,,,,,,,,,0x809ad6c3339fdb75:0xcbc8cfe2b44638eb,,
286,,,,,,,,,,,,,,,,,0x808f85a1dba4b2a5:0xe1c3b376f4379860,,
287,,,,,,,,,,,,,,,,,0x54ce45d9f7f33ae5:0xb74a77105753771a,,
288,,,,,,,,,,,,,,,,,0x80da5706dcc2058b:0xdd357abdf00c7032,,
289,,,,,,,,,,,,,,,,,0x80900cfae51d27b7:0xc80510d4a3f829c7,,
290,,,,,,,,,,,,,,,,,0x80925f4574df05a5:0xd215c2ba79e65008,,
291,,,,,,,,,,,,,,,,,0x8085732a7a000f5b:0xe205e8079e17dc3c,,
292,,,,,,,,,,,,,,,,,0x89de39dcc0663449:0xd0e4acabb3081058,,
293,,,,,,,,,Wheelchair accessible entrance,,,,,,,,0x89c2fcc1843e9847:0x4a48a5d028ee5512,,
294,,,,,,,,,,,,,,,,,0x808437ff9f700001:0xa3985b7fdcb2caa6,,
295,,,,,,,,,,,,,,,,,0x880827db634de51d:0xefec8c1051f1f534,,
296,,,,,,,,,,,,,,,,,0x89d8161a942f99d1:0xc9ae56e039a91c27,,
297,,,,,,,,,,,,,,,,,0x809d6a263f5f1e9f:0xdf0658b4e15d8ba8,,
298,,,,,,,,,,,,,,,,,0x80c2c637e2e13ba1:0xb36037aa062dc5e7,,
299,,,,,,,,,,,,,,,,,0x80c8c3753fd386c5:0x356124dc56fba180,,
300,,,,,,,,,,,,,,,,,0x89de097ee1e4fbab:0x7b9e877895ced5e1,,
301,,,,,,,,,,,,,,,,,0x89c2669478c18803:0xa7e26a6b6440bc6d,,
302,,,,,,,,,,,,,,,,,0x89d2f93f047566b3:0x37f5a732aa12075c,,
303,,,,,,,,,,,,,,,,,0x89c260cefbe8a325:0x95d104cc2780e916,,
304,,,,,,,,,,,,,,,,,0x89dcc13c3cf102b1:0x1d99b70fbb827b3b,,
305,,,,,,,,,,,,,,,,,0x89d1280acf2ed5c5:0x8179dea0c6acf052,,
306,,,,,,,,,,,,,,,,,0x808fb79cbae37665:0x71e572027484def8,,
307,,,,,,,,,,,,,,,,,0x89c259a8c72ce547:0x5219ec5e1e757d75,,
308,,,,,,,,,,,,,,,,,0x89d0fb5c03d4a90f:0x19f59a9de442c937,,
309,,,,,,,,,,,,,,,,,0x89daef6c3971b49d:0xa34bd344e8719f67,,
310,,,,,Alcohol,,Dine-in,,,,,,,,,Restroom,0x89c258fff273dd6b:0x905892ec71a7f300,,
311,,,,,,,,,,,,,,,,,0x808580f47069cc8d:0x8f1fcd7bcdeb85f7,,
312,,,,,,,,,,,,,,,,,0x89c25855c07cf307:0xb8550f641034c916,,
313,,,,,,,,,,,,,,,,,0x89d87f6a8b111f87:0x8e39304d608652be,,
314,,,,,,,,,,,,,,,,,0x89d28a91c23fc1f9:0x9a0d679822143fee,,
315,,,,,,,,,,,,,,,,,0x89ddbda3a1f3283d:0x296d41d1edf80827,,
316,,,,,,,,,,,,,,,,,0x80997ac2eecd8e2f:0xbc09b57a2db52ca0,,
317,,,,,,,,,,,,,,,,,0x80d9e1220804504b:0x73b1a2af6f3032c7,,
318,,,,,,,,,,,,,,,,,0x808580895f7fce37:0x8882df4a8b997dcf,,
319,,,,,,,,,,,,,,,,,0x80dbff808174e0d3:0x9fd7d36a22c55288,,
320,,,,,,,,,,,,,,,,,0x89dd942b1f47747d:0xfcda61e148a5d3cf,,
321,,,,,,,,,,,,,,,,,0x80c8c4213dcf96f9:0x64d9054749b25379,,
322,,,,,,,,,,,,,,,,,0x54d150abdeb4ba33:0x86ca39b8ca802827,,
323,,,,,,,,,,,,,,,,,0x8096bd2dc775306b:0x9248fc367b55280a,,
324,,,,,,,,,,,,,,,,,0x8084388e06ff133d:0x2ab126d4f6bf3945,,
325,,,,,,,,,,,,,,,,,0x80db2dcb5fca7a43:0xa2243d8542f17fff,,
326,,,,,,,,,,,,,,,,,0x80c2bebc4215bf21:0x204b877fd8b05c8e,,
327,,,,,,,,,,,,,,,,,0x89d1271d7f83c4e7:0xc342735459a8148e,,
328,,,,,,,,,,,,,,,,,0x80c8cfd20bbbd2f1:0xb8b1e3369a3ceac4,,
329,Accepts reservations,Staff required to disinfect surfaces between visits,"Dinner, Solo dining","Dinner, Seating","Beer, Cocktails, Comfort food, Organic dishes, Quick bite, Small plates, Vegetarian options, Wine","Fireplace, LGBTQ friendly, Transgender safespace","Outdoor seating, Curbside pickup, Takeout, Dine-in, Delivery","Family-friendly, Tourists","Wheelchair accessible entrance, Wheelchair accessible parking lot, Wheelchair accessible restroom, Wheelchair accessible seating",,"Debit cards, Credit cards",,Casual,,Identifies as women-led,"Bar onsite, Gender-neutral restroom, Good for kids, High chairs, Restroom, Wi-Fi",0x89ddc7bef4246cfb:0xdd2f28cdd00561c7,,
330,,,,,,,,,,,,,,,,,0x80db1b935882f60d:0xbaba6b69857908c9,,
331,,,,,,,,,,,,,,,,,0x8085854699fe83d3:0x76ba27f80990a814,,
332,,,,,,,,,,,,,,,,,0x808de425907376f1:0xb97bb2dd5cd6531e,,
333,,,,,,,,,,,,,,,,,0x8085808578a5676b:0x1c5dcd8cf55e0bb4,,
334,,,,,,,,,,,,,,,,,0x89d3431d7fa46c5d:0xcb1988629811b76c,,
335,,,,,,,,,,,,,,,,,0x89c25a288e5a62c3:0x35482cdd1ae4b39f,,
336,,,,,,,,,,,,,,,,,0x809545a1115fc5db:0x3ab0c67ec9f64527,,
337,,,,,,,,,,,,,,,,,0x8081ad491327735d:0xa9aa481614823711,,
338,,,,,,,,,,,,,,,,,0x80c4b3be1ddc329f:0xeef47fbb9eff6a81,,
339,,,,,,,,,,,,,,,,,0x8081cb7a83a0011b:0x452e0e8ff947bacb,,
340,,,,,,,,,,,,,,,,,0x80c8c40991a8c415:0x19637341d0275505,,
341,,,,,,,,,,,,,,,,,0x809cb5b10c1a46e9:0x3b73a4118be4445d,,
342,,,,,,,,,,,,,,,,,0x80ece5617aaca01f:0x528776f746b90389,,
343,,,,,,,,,,,,,,,,,0x80deab464fac4263:0xdaaf2d23320eb74e,,
344,,,,,,,,,,,,,,,,,0x89d343a478da789d:0xf07efa30133cd1e5,,
345,,,,,,,,,,,,,,,,,0x80deab3b660abd0d:0xdbd5a6ce06ab27cb,,
346,,,,,,,,,,,,,,,,,0x80dca626078e4435:0x2a9aa179d6174e5d,,
347,,,,,,,,,,,,,,,,,0x80c2c73e1d6fd173:0x5922070a24b53991,,
348,,,,,,,,,,,,,,,,,0x89c25fd970afd4c7:0xf8441a9c35fce744,,
349,,,,,,,,,,,,,,,,,0x8085809a5058283d:0xeb874321e51589b7,,
350,,,,,,,,,,,,,,,,,0x80c8c3a01f7d8fd3:0xaeeebe5308ccc21c,,
351,,,,,,,,,,,,,,,,,0x89c260c54f71f6d7:0xc90a91b00908a78d,,
352,,,,,,,,,,,,,,,,,0x80c2c77a9c49caa5:0x3aeae5a6b8dabbb4,,
353,,,,,,,,,,,,,,,,,0x80c2b13d065a6ad9:0x39ba4ed9ceb68d2f,,
354,,,,,,,,,,,,,,,,,0x80858061fa1762a5:0x197a26840ad26c3e,,
355,,,,,,,,,,,,,,,,,0x80997bc20441ee53:0x7550a226d8ee98d1,,
356,,,,,,,,,,,,,,,,,0x80c2b630f6cd8703:0x2f5ac5a9f54c5306,,
357,,,,,,,,,,,,,,,,,0x80db1b74eb641373:0xed6be433cf747489,,
358,,,,,,,,,,,,,,,,,0x89dc26e7a8588261:0xaad64d086e21d209,,
359,,,,,,,,,,,,,,,,,0x808e1b23e86d269b:0x84715e931f06fc95,,
360,,,,,,,,,,,,,,,,,0x89d6d471c9240a9b:0x68a03f9b1e58dba8,,
361,,,,,,,,,,,,,,,,,0x89d2c7d73bd0ac75:0xd7182d02ded24878,,
362,,,,,,,,,,,,,,,,,0x89c25980c90c93d7:0xcb0f33c059c23944,,
363,,,,,,,,,,,,,,,,,0x808fccb7339a1805:0xdbc868322a7462e9,,
364,,,,,,,,,,,,,,,,,0x89de0c8a2dfb080b:0x93827567219536b8,,
365,,,,,,,,,,,,,,,,,0x89da005bf05f0a27:0x450c6c9e82256661,,
366,,,,,,,,,,,,,,,,,0x808e15735085e65f:0xd52a2e5efa83b6c8,,
367,,,,,,,,,,,,,,,,,0x808f7b9ee079cf69:0xe3f79ca81641f870,,
368,,,,,,,,,,,,,,,,,0x80c8c44d80fc6705:0x53437f7bbe33ee7e,,
369,,,,,,,,,,,,,,,,,0x89d9271646164f53:0x3397c1a26d133f1d,,
370,,,,,,,,,,,,,,,,,0x80db1f7c137f6b3f:0x92466345a580be2c,,
371,,,,,,,,,,,,,,,,,0x80d9eb8dc83368b5:0x27ef5d63300a96f5,,
372,,,,,,,,,,,,,,,,,0x8093eb9bcdba541f:0x51b763e1d21ad0ce,,
373,,,,,,,,,,,,,,,,,0x80dabb81247a9f4f:0x89e67e9fffa4f030,,
374,,,,,,,,,,,,,,,,,0x80c2bf3bafc5cd31:0xa4a1915a29396c6d,,
375,,,,,,,,,,,,,,,,,0x89c258ef2ff79045:0xdd46358bcb2c6c3a,,
376,,,,,,,,,Wheelchair accessible entrance,,,,,,Identifies as women-led,,0x89d0c519913e05c5:0x7b99a763ee99d7d1,,
377,,,,,,,,,,,,,,,,,0x80d955ff88856c93:0x62d8a8f3f51737c6,,
378,,,,,,,,,,,,,,,,,0x80dd37e29996c459:0x2fca080c32d7b8d3,,
379,,,,,,,,,,,,,,,,,0x89da95e569028447:0xa27ec38072f711fd,,
380,,,,,,,,,,,,,,,,,0x89c259ac299cc47d:0xbc4bf41867191a8c,,
381,,,,,,,,,,,,,,,,,0x89e8f77ba8a4460d:0xd176dce338735e08,,
382,,,,,,,,,,,,,,,,,0x54ca29d1f0e70d3d:0x553899c3432e2027,,
383,,,,,,,,,,,,,,,,,0x80dd2e73e294d743:0xad6682498c7aff4c,,
384,,,,,,,,,,,,,,,,,0x80c8c5e6609aee5f:0x3b3a9a1466e375b,,
385,,,,,,,,,,,,,,,,,0x89db1148e13621e1:0xb8c37b87467ca288,,
386,,,,,,,,,,,,,,,,,0x80c8c47ab25545cd:0x8f1e8966d400b5bf,,
387,,,,,,,,,,,,,,,,,0x80e9a507e5dda5e7:0x449b8537bd887b73,,
388,,,,,,,,,,,,,,,,,0x809add7c43fd9af3:0xb2172db1ff04af90,,
389,,,,,,,,,,,,,,,,,0x80d953ac7a47046b:0xeae9b27365d54b71,,
390,,,,,,,,,,,,,,,,,0x80ead3c16f0a57ab:0x5f23dfcc147a955d,,
391,,,,,,,,,,,,,,,,,0x80dbf499d94ad6b1:0xbefe33faf29032b4,,
392,,,,,,,,,,,,,,,,,0x89dd5c31a7957369:0x843dedbe39a9a0fe,,
393,,,,,,,,,,,,,,,,,0x808fa3375951eec9:0x3f784d1be709797f,,
394,,,,,,,,,,,,,,,,,0x80c2c7efff2bf067:0xa9ee678df0d8715c,,
395,,,,,,,,,,,,,,,,,0x89d36e9dbadfe92d:0xe597539b954538ec,,
396,,,,,,,,,Wheelchair accessible entrance,,,,,,,,0x80c2b9819a152d81:0x940b32e70a5ab86,,
397,,,,,,,,,,,,,,,,,0x80954f0be9fd579f:0x3877741ed1ed6611,,
398,,,,,,,,,,,,,,,,,0x80c2c63a9edc3e21:0x543989e2d1d5bc46,,
399,,,,,,,,,,,,,,,,,0x80c8c377584fbfcf:0x73336cb8a6e11a6d,,
400,,,,,,,,,,,,,,,,,0x80cf1327dd7e0ee1:0xb16468ff97a22394,,
401,,,,,,,,,,,,,,,,,0x80d9537cb96ada59:0x29121594081867d9,,
402,,,,,,,,,,,,,,,,,0x80ecf7e73ed21f5b:0xec614d142bd94a2c,,
403,,,,,,,,,,,,,,,,,0x80838bc93f92f64d:0xa95921f2c46e180,,
404,,,,,,,,,,,,,,,,,0x80946098f9f9669b:0xe2cfffe84acde160,,
405,,,,,,,,,,,,,,,,,0x809ad7525386930f:0x1ce2d320129712b8,,
406,,,,,,,,,,,,,,,,,0x80e9e58dfc7933a3:0x1db432ae99e0dd47,,
407,,,,,,,,,,,,,,,,,0x80ec6c8b87c50887:0x8052d366b2feb07,,
408,Accepts reservations,"Reservations required, Staff wear masks","Dinner, Solo dining","Dinner, Dessert","Alcohol, Beer, Cocktails, Coffee, Happy hour drinks, Happy hour food, Hard liquor, Small plates, Wine","Great beer selection, Great cocktails, Great wine list, Rooftop seating","Outdoor seating, Takeout, Dine-in, Delivery",Groups,Wheelchair accessible entrance,,"Debit cards, Credit cards",,Casual,,,Bar onsite,0x80e940a549376321:0x433ba840d7fa06be,,
409,,,,,,,,,,,,,,,,,0x80c2958b91649fa9:0x3d56c6e5b8e62b30,,
410,,,,,,,,,,,,,,,,,0x89dd14980f9271ed:0xc31f28b950cecb20,,
411,,,,,,,,,,,,,,,,,0x808f80b1d1ad432b:0x2335afb9c8e8c3c5,,
412,,,,,,,,,,,,,,,,,0x89d6c96b4bfd7299:0x2de0ff41e5d91aea,,
413,,,,,,,,,,,,,,,,,0x54d2ecfcfb996a71:0x9cdbafcba4a058a8,,
414,,,,,,,,,,,,,,,,,0x808e34c2fa66e961:0x19f69b31edeb4602,,
415,,,,,,,,,,,,,,,,,0x89de0dfeae4f99c9:0xbd8757f6a245686f,,
416,,,,,,,,,,,,,,,,,0x8090d44f60e5be19:0x45c115658ce486ea,,
417,,,,,,,,,,,,,,,,,0x89dfc44c06fc115d:0xaac82599af33b29c,,
418,,,,,,,,,,,,,,,,,0x89c2592b35aba911:0x14e7dec81e2a5ebe,,
419,,,,,,,,,Wheelchair accessible entrance,,,,,,,,0x80c8c45b320e5b47:0x108fed061a645b93,,
420,,,,,,,,,,,,,,,,,0x89dd0ae50f632355:0xfff08c690bda73f2,,
421,,,,,,,,,,,,,,,,,0x89c25ece25176577:0x935048e3baeb98f,,
422,,,,,,,,,,,,,,,,,0x80eccfedcaf0ae13:0x146f5ffd88fa4b40,,
423,,,,,,,,,,,,,,,,,0x89daec8e559027f3:0xf7c0a1950f7b08e6,,
424,,,,,,,,,,,,,,,,,0x80d76bd9fcaee891:0xa182938d135f33c9,,
425,,,,,,,,,,,,,,,,,0x80d954a7ab8bfb6f:0x9ae9e14553e26760,,
426,,,,,,,,,,,,,,,,,0x80db1bdacfda63bb:0xc745b6d9d106130c,,
427,,,,,,,,,,,,,,,,,0x882d43d879c5d497:0xbf0a1bb57d3b0f23,,
428,,,,,,,,,,,,,,,,,0x8084d11f1a2843fd:0x8aba58368ea41f0d,,
429,,,,,,,,,,,,,,,,,0x4ccc10334bb69c53:0xbe9e509d6c0d84d3,,
430,,,,,,,,,,,,,,,,,0x4ccc15ed95aaf6a5:0x488959c73fdb9420,,
431,,,,,,,,,,,,,,,,,0x80ece052f00978a3:0x62d271a2f2903de2,,
432,,,,,,,,,,,,,,,,,0x89d6b525bb0ef477:0xecfae184905324e,,
433,,,,,,,,,,,,,,,,,0x80c2d2c6c12a16f7:0x4de7e84dd91f4e06,,
434,,,,,,,,,,,,,,,,,0x808430a8a72d488f:0x1b0f87b75c5f4f1c,,
435,,,,,,,,,,,,,,,,,0x80c8c43aeed807dd:0x3653fc23733006f6,,
436,,,,,,,,,,,,,,,,,0x80c335dfadcf3795:0x1528f91b99a1a62d,,
437,,,,,,,,,,,,,,,,,0x89e829aa5a7f40c3:0x3d0fc511832a6cb2,,
438,,,,,,,,,,,,,,,,,0x89d3f169eb64dfb5:0x5d43b91b2c9bde70,,
439,,,,,,,,,,,,,,,,,0x89d3925ff7e50b73:0x7238666d77833379,,
440,,,,,,,,,,,,,,,,,0x80c2c959b9aa4cc5:0x9a16c8896653cfdc,,
441,,,,,,,,,,,,,,,,,0x808443a063acca97:0xb63d4f5d6463f1dc,,
442,,,,,,,,,,,,,,,,,0x89c259898f86c933:0xd2c096f7fd83ac5a,,
443,,,,,,,,,,,,,,,,,0x89c2591d2ff50001:0xdc91fae13215e796,,
444,,,,,,,,,,,,,,,,,0x8094672d97e8081b:0x9c2a1af5329e0c27,,
445,,,,,,,,,,,,,,,,,0x80db029c979b2f37:0x8462a2c6852ec875,,
446,,,,,,,,,,,,,,,,,0x80c295154b7c430f:0x38252d6c6ba863a,,
447,,,,,,,,,,,,,,,,,0x80c2bf3bd77265b5:0xb8cef2ccfbe5e549,,
448,,,,,,,,,,,,,,,,,0x89da99e9e051c4e3:0xd5ca208984377d30,,
449,,,,,,,,,,,,,,,,,0x80dc01e46ce0ab29:0x1595e0c53d2dddbe,,
450,,,,,,,,,,,,,,,,,0x8090549b89c52d4d:0x4372930c64119857,,
451,,,,,,,,,,,,,,,,,0x89d126e5c8ff9223:0x2f835f85e9377f82,,
452,,,,,,,,,,,,,,,,,0x89c2892a10012dd5:0x7123ae4f518ad0b8,,
453,,,,,,,,,,,,,,,,,0x80c2bf44f990c255:0x36620635284669ca,,
454,,,,,,,,,,,,,,,,,0x80845515543d9dbf:0xc1eb367cdfd10645,,
455,,,,,,,,,,,,,,,,,0x809051a1b48fd869:0xd76cfd23d28c90e5,,
456,,,,,,,,,,,,,,,,,0x80dce43a5e7e6eaf:0xa6abec2119f766e,,
457,,,,,,,,,,,,,,,,,0x8094c76bdc4f3cd1:0x2b7c3261d128220c,,
458,,,,,,,,,,,,,,,,,0x89c2c7056bbd5321:0xe44078857ebab217,,
459,,,,,,,,,,,,,,,,,0x8085809fbf645ec9:0x5a7a4410da0a488c,,
460,,,,,,,,,,,,,,,,,0x80842c5db2b5394f:0xd0e890ea1490aa8c,,
461,,,,,,,,,,,,,,,,,0x89dea1b808c5ce39:0x742410d5cff34445,,
462,,,,,,,,,,,,,,,,,0x80c2b5d1be03ed39:0xe1ec1a816a9cb047,,
463,,,,,,,,,,,,,,,,,0x8084435eb28c6bbd:0xee1708550a706799,,
464,,,,,,,,,,,,,,,,,0x80945e9ee44555b9:0xaf7f677f14c0ba1d,,
465,,,,,,,,,,,,,,,,,0x882d51bae7ea23c3:0x90ef9e4aac91078c,,
466,,,,,,,,,,,,,,,,,0x87696531ecc88d81:0xeae91a5a3f6cd3f7,,
467,,,,,,,,,,,,,,,,,0x80c2c737566fa32b:0x41633461b8e4fa21,,
468,,,,,,,,,,,,,,,,,0x89c258fa4bad1a3d:0x36dd0a0095bae542,,
469,,,,,,,,,,,,,,,,,0x86522dc8eb049e15:0x94f61331148f81e2,,
470,,,,,,,,,,,,,,,,,0x80859be4e23cb96b:0xa112273b859a011c,,
471,,,,,,,,,,,,,,,,,0x4cccf5133c7defe9:0x48e538d87ec43826,,
472,,,,,,,,,,,,,,,,,0x80db1ba632949e09:0x172b84ad86b73ae1,,
473,,,,,,,,,,,,,,,,,0x80d95398c308aec1:0x5e1ec01d20c2d348,,
474,,,,,,,,,,,,,,,,,0x4ccc60c349fde51d:0xdcdddd3ac2390284,,
475,,,,,,,,,,,,,,,,,0x89dfcef0ec995643:0x5288c2f089b42ebd,,
476,,,,,,,,,,,,,,,,,0x54d066371e0c210d:0x233005f01cc39ed0,,
477,,,,,,,,,,,,,,,,,0x809ac507b04865f1:0x89a91706cfe5767,,
478,,,,,,,,,,,,,,,,,0x80d9536e59ad333d:0x4d6119b3058ae97d,,
479,,,,,,,,,,,,,,,,,0x8095e992ee4eeb3d:0x5e96ef5025d90ad4,,
480,,,,,,,,,,,,,,,,,0x89c25855dc57ce93:0x48cdcc44c56b2d30,,
481,,,,,,,,,,,,,,,,,0x80e846314b663b03:0x857fe37cf960d82d,,
482,,,,,,,,,,,,,,,,,0x8860d0db364b2c1d:0xaf53eaa573ff1c6,,
483,,,,,,,,,,,,,,,,,0x808de4b0d574d77b:0xcbbbcaa02ebf514e,,
484,,,,,,,,,,,,,,,,,0x80d9535da6083fa3:0x11f1d0e7e5d90a20,,
485,,,,,,,,,,,,,,,,,0x808e207f8e7d3161:0xe246febf3513e99,,
486,,,,,,,,,,,,,,,,,0x89c258dea0149fbd:0xcde930e32153cf2b,,
487,,,,,,,,,,,,,,,,,0x80ecc4dba86d3e13:0x8c617cb79bbc8ef3,,
488,,,,,,,,,,,,,,,,,0x80c8c3846a96ba7b:0x4afa39bfab5bb618,,
489,,,,,,,,,,,,,,,,,0x808f7d7022cf8e85:0x68c3151307f1fca4,,
490,,,,,,,,,,,,,,,,,0x80dc03fb85869e47:0xa906fb71969ce64a,,
491,,,,,,,,,,,,,,,,,0x80db1b64a2d39fe5:0xcfe5ac530ba71d3f,,
492,,,,,,,,,,,,,,,,,0x808e07089c7fa9df:0xe24522ea70df8925,,
493,,,,,,,,,,,,,,,,,0x808580905d293555:0x9b63c95011e6b4bc,,
494,,,,,,,,,,,,,,,,,0x8085cb5aba0decab:0x6088aa1328702cbf,,
495,,,,,,,,,,,,,,,,,0x80960d2646f49e0d:0xae81a14305b683a,,
496,,,,,,,,,,,,,,,,,0x809b186678ce607d:0xcd97e6aa840d467d,,
497,,,,,,,,,,,,,,,,,0x89d8369fc25922b9:0x2beb3f4ae49b0b0,,
498,,,,,,,,,,,,,,,,,0x89d8dfd1a6e99c29:0xb44095de4beb7f39,,
499,,,,,,,,,,,,,,,,,0x89d6a84460800eb9:0x81bebd42ae8fc90,,
500,,,,,,,,,,,,,,,,,0x80960c4d8cdc2e21:0x801d34d83997abe1,,
501,,,,,,,,,,,,,,,,,0x80c2ca113e134b85:0xd87a46d07124684,,
502,,,,,,,,,,,,,,,,,0x89d342de7240296b:0x2daec2e776daa300,,
503,,,,,,,,,,,,,,,,,0x89dd07652b9a885f:0xed70af3c6f1b0c2f,,
504,,,,,,,,,,,,,,,,,0x89e8b0083bed3cd9:0x6fa839f92e2d2f2b,,
505,,,,,,,,,,,,,,,,,0x80c2c7ad7f6c01f3:0xf8a04b652be08d56,,
506,,,,,,,,,,,,,,,,,0x808580839dffab43:0xc2ca4ccaca3a0ece,,
507,,,,,,,,,,,,,,,,,0x89dd22a23b7058f7:0xaae7dda2ffb44830,,
508,,,,,,,,,,,,,,,,,0x89c3331fe11658ef:0x90dacb05546749dd,,
509,,,,,,,,,,,,,,,,,0x80db1b0c4d6bfc3b:0xf6a1bdc78f3b69ad,,
510,,,,,,,,,,,,,,,,,0x80ec044f6abf78b3:0x720c6fa752f2ae41,,
511,,,,,,,,,,,,,,,,,0x8090ed8ca616385f:0x911f46844093372d,,
512,,,,,,,,,,,,,,,,,0x89d6cf79fa700695:0xe819ef69ed8fb723,,
513,,,,,,,,,,,,,,,,,0x80e9ad28c0936f43:0xf3197ff840a1805e,,
514,,,,,,,,,,,,,,,,,0x80dd37ce398b8fe1:0x70d729df45044286,,
515,,,,,,,,,,,,,,,,,0x89d373d8874f5df7:0x3c873465b0462ea1,,
516,,,,,,,,,,,,,,,,,0x80d766c51b13205f:0xe2086ac95b87a277,,
517,,,,,,,,,,,,,,,,,0x89de0b5fa9b5a569:0x4a1ac16865a32f22,,
518,,,,,,,,,,,,,,,,,0x80c2b8f572e6ad45:0xa34f2aab2893434f,,
519,,,,,,,,,,,,,,,,,0x8091f7b572b60379:0xf289b28c87a5d6d2,,
520,,,,,,,,,,,,,,,,,0x80c3523cf3ce5315:0x1ab6a9c167ed0b34,,
521,,,,,,,,,,,,,,,,,0x80db6f4f8aa96d61:0x3c4ccac4b953add2,,
522,,,,,,,,,,,,,,,,,0x808580baceca266f:0x275a1fbded7c99a2,,
523,,,,,,,,,Wheelchair accessible entrance,,,,,,,,0x4ccaf95cbaf2fdef:0x5b8aa703a86830de,,
524,,,,,,,,,,,,,,,,,0x89c25efd2edea11f:0x1b524ce530dc4200,,
525,,,,,,,,,,,,,,,,,0x80db1ccda773aca3:0x9395ef99f7082331,,
526,,,,,,,,,,,,,,,,,0x80916bb19c40051f:0x2d9e3cee1c732597,,
527,,,,,,,,,,,,,,,,,0x89c2d729b828bfad:0x18411c9f0cfaa0d1,,
528,,,,,,,,,,,,,,,,,0x89d375aa303d7037:0xf129d7892f25e4f,,
529,,,,,,,,,,,,,,,,,0x80c32a899f9a6641:0xfd712c161f2ef739,,
530,,,,,,,,,,,,,,,,,0x89e83635508d3271:0x9de8d12713f7c1be,,
531,,,,,,,,,,,,,,,,,0x80c2c630342fd103:0xd665df186c94bdf3,,
532,,,,,,,,,,,,,,,,,0x80c2c636865e24d5:0x452e9ddac79df647,,
533,,,,,,,,,,,,,,,,,0x80e9acedf625d775:0xcef53c237f092e54,,
534,,,,,,,,,,,,,,,,,0x80deac97ed4c5a59:0xe35bf3086752225b,,
535,,,,,,,,,,,,,,,,,0x89d8755c12797bc1:0xe45d6ebe640d1089,,
536,,,,,,,,,,,,,,,,,0x80dd2646b527dfe9:0x3a5eafac9b8e3e00,,
537,,,,,,,,,,,,,,,,,0x89c259a444118361:0x77bd35accce72d41,,
538,,,,,,,,,,,,,,,,,0x80be16001823aa53:0x444289109c41a96b,,
539,,,,,,,,,,,,,,,,,0x89c2599553541fdb:0xfd9b1a37079e91a4,,
540,,,,,,,,,,,,,,,,,0x4ccb33ed8b0e7131:0xd95460b4242e8614,,
541,,,,,,,,,,,,,,,,,0x89c352e996ab601d:0x5d13ba2c4f2da9f8,,
542,,,,,,,,,,,,,,,,,0x876965b7937f711f:0x3829c040adc4b211,,
543,,,,,,,,,,,,,,,,,0x4ccc8b18f399c821:0x6cd6a34245f35c0d,,
544,,,,,,,,,,,,,,,,,0x80dd29fd8a304a69:0xbb163b6a6b0e280e,,
545,,,,,,,,,,,,,,,,,0x80c8db27a47f9527:0xee444626c300384,,
546,,,,,,,,,,,,,,,,,0x80c2bace9a3c341f:0x3b8cceb8a988e1a6,,
547,,,,,,,,,,,,,,,,,0x89da1694a9eec73f:0x70e4cebe69835e00,,
548,,,,,,,,,,,,,,,,,0x80997d7492c8076b:0x7bc3ce139a7cfa3d,,
549,,,,,,,,,,,,,,,,,0x80857e25d6a1f845:0x52240c015420092e,,
550,,,,,,,,,,,,,,,,,0x80dd4b506d1e370f:0x54cc08892984469d,,
551,,,,,,,,,,,,,,,,,0x80dd256f0e082311:0xd5fbbd5c91815390,,
552,,,,,,,,,,,,,,,,,0x80dcd7cfe8d47523:0x14e4fa6e6dc219bd,,
553,,,,,,,,,,,,,,,,,0x89d98c475e6030cf:0x93aa2d4c4e0e457a,,
554,,,,,,,,,,,,,,,,,0x80e9148e8cf5bcf9:0x4b05b74a97cddef2,,
555,,,,,,,,,,,,,,,,,0x89dd5b01c4af27c7:0xeff8b662a09f122e,,
556,,,,,,,,,,,,,,,,,0x80dadb06e203a473:0x3f7a5b5730874705,,
557,,,,,,,,,,,,,,,,,0x80c2b729bf300d57:0xe8b2e4d4861f040b,,
558,,,,,,,,,,,,,,,,,0x8092fa8330cfa1b9:0x736078e1ac58c0ea,,
559,,,,,,,,,,,,,,,,,0x80c8c3753fd386c5:0xbdb7b3986c03e3a8,,
560,,,,,,,,,,,,,,,,,0x80c8c5cb175c4b2b:0x8c36b4c6eef8a37f,,
561,,,,,,,,,,,,,,,,,0x89d36861c4ad4c87:0x65ac40a66b7f72a1,,
562,,,,,,,,,,,,,,,,,0x80db6f57329d7105:0xa31729cc6cf1a24d,,
563,,,,,,,,,,,,,,,,,0x89c259b2f05408cd:0x5fe4da8fac293fc3,,
564,,,,,,,,,,,,,,,,,0x89c2613d37dfa795:0x9b64f785629b08d1,,
565,,,,,,,,,,,,,,,,,0x89c2615927726f53:0x42a9b229ee7b4abd,,
566,,,,,,,,,,,,,,,,,0x89c25a221bbde641:0xde061f6300e34e93,,
567,,,,,,,,,,,,,,,,,0x80c8c414517dcfd9:0xbef7c6e70efc5982,,
568,,,,,,,,,,,,,,,,,0x89ddb713660abf69:0xaee5c7b7dde46b76,,
569,,,,,,,,,,,,,,,,,0x80c8c5ca75bc5fc7:0x5e5fda46afde4c9a,,
570,,,,,,,,,,,,,,,,,0x4ccae90451a0f82b:0x983dcf8d3d315c2f,,
571,,,,,,,,,,,,,,,,,0x808164d839ba46f5:0x65127c0279182de5,,
572,,,,,,,,,,,,,,,,,0x89e8bcc3d6024ce9:0x4f87de57ff3ced58,,
573,,,,,,,,,,,,,,,,,0x89d083d1df09dc15:0xf880bc16f8a7e58c,,
574,,,,,,,,,,,,,,,,,0x80dd291569b5f1ef:0x2831791fe66e7742,,
575,,,,,,,,,,,,,,,,,0x80d7678ad756f927:0x82d4585516a665a0,,
576,,,,,,,,,,,,,,,,,0x80c2dba3d13b37a5:0x18532a7e7b6a89b3,,
577,,,,,,,,,,,,,,,,,0x80c8c3753fd386c5:0x19b2cd78ead81b60,,
578,,,,,,,,,,,,,,,,,0x80c2bf3b0e9ce713:0x76a9c22738a5cd74,,
579,,,,,,,,,,,,,,,,,0x80c2a52a940a43b3:0xbbbdb73b5afb7c67,,
580,,,,,,,,,,,,,,,,,0x80dd3130aec26745:0xa9ad0b62fa2a5416,,
581,,,,,,,,,,,,,,,,,0x89d87e999878b791:0xb12ec02904de1ec1,,
582,,,,,,,,,,,,,,,,,0x808582c7f4c98c55:0x85302867cadfd75a,,
583,,,,,,,,,,,,,,,,,0x89dc5066efd24aed:0x482b0c602ce92fe4,,
584,,,,,,,,,,,,,,,,,0x89dcc82b0ef5d8ff:0xcd198948b65e9a7d,,
585,,,,,,,,,,,,,,,,,0x80d95359bf883bfb:0xb7a3880f201e2142,,
586,,,,,,,,,,,,,,,,,0x89c2f6175614170d:0x971f716f464b1d23,,
587,,,,,,,,,,,,,,,,,0x808580e4a4c38edf:0x9cb0d6a9ad8316b9,,
588,,,,,,,,,,,,,,,,,0x80c2c77b7f48f751:0xa87be42b2b3ec2bd,,
589,,,,,,,,,,,,,,,,,0x80c2cfa66903476b:0x8f6813ace6fdf5ed,,
590,,,,,,,,,,,,,,,,,0x8091f8d3c50b9be3:0xbac58b38c2f4819c,,
591,,,,,,,,,,,,,,,,,0x808580900d8c3f41:0x86cb7f714f813d91,,
592,,,,,,,,,,,,,,,,,0x80d955dc22613791:0xea89df69999bfac4,,
593,,,,,,,,,,,,,,,,,0x80c47e838a299ef5:0x5a4907467e1f261d,,
594,,,,,,,,,,,,,,,,,0x808fcb3b304013d5:0xe48dfba088a033e3,,
595,,,,,,,,,,,,,,,,,0x809ad447f521a9a1:0x99faef177d3dddac,,
596,,,,,,,,,,,,,,,,,0x80c2b874b09ef899:0x3a26c374777f79d2,,
597,,,,,,,,,,,,,,,,,0x89c3460f25515621:0x7b9dbd7857b5bd0a,,
598,,,,,,,,,,,,,,,,,0x89c258f4c6878449:0x988989be763ef302,,
599,,,,,,,,,Wheelchair accessible entrance,,,,,,,,0x80c2bac92aab2569:0x75438e2d602ff1,,
600,,,,,,,,,,,,,,,,,0x80ce2362506d9309:0xa1e7b25d5b9824b4,,
601,,,,,,,,,,,,,,,,,0x80c2ced18e440f8b:0xbd0ac1c1fc338a60,,
602,,,,,,,,,,,,,,,,,0x80dbf9fcd5c745d1:0xbc0f76cc80873c38,,
603,,,,,,,,,,,,,,,,,0x808580845a77da0b:0x7bb1285d5b5c7f8c,,
604,,,,,,,,,,,,,,,,,0x80c8dd70952dfd73:0xb10d1bb304c8a11e,,
605,,,,,,,,,,,,,,,,,0x89dcad7692e44fd1:0xfa6cac571be23f28,,
606,,,,,,,,,,,,,,,,,0x80c16cc1e0493267:0xb48928c9f0432e36,,
607,,,,,,,,,,,,,,,,,0x8085809a712f64eb:0x79d9c025ed98d856,,
608,,,,,,,,,,,,,,,,,0x808164ef039e8585:0x17824057cbb4d114,,
609,,,,,,,,,,,,,,,,,0x89c25ee063bb476b:0x83f18dd9a57017d4,,
610,,,,,,,,,,,,,,,,,0x89d3125796e4f163:0xe22371ed89ded0d7,,
611,,,,,,,,,,,,,,,,,0x8099907411d5b269:0x523025142029a459,,
612,,,,,,,,,,,,,,,,,0x89dd860ac447da1b:0xc49645ebeb6a5d50,,
613,,,,,,,,,,,,,,,,,0x80c8c5c203b9e1a5:0xdd9f858ce1d9c718,,
614,,,,,,,,,,,,,,,,,0x808e6a9938cde6b1:0x58b1bad954d0ff7d,,
615,,,,,,,,,,,,,,,,,0x80deab6bad50e4f7:0xed6e79b99349979f,,
616,,,,,,,,,,,,,,,,,0x8095454cda1dec27:0x31b3505aa979fe01,,
617,,,,,,,,,,,,,,,,,0x89d176e322b44227:0x688c85977fd57bf1,,
618,,,,,,,,,,,,,,,,,0x89d176e3b7e7b0ab:0xbb28cd97f76222a0,,
619,,,,,,,,,,,,,,,,,0x54d2ecef79341c07:0x4e891699c4c59545,,
620,,,,,,,,,,,,,,,,,0x80dcc8425572d96d:0x8bd5c57abca3c775,,
621,,,,,,,,,,,,,,,,,0x809ad6b4050d159f:0x49005d65434aac38,,
622,,,,,,,,,,,,,,,,,0x89c259acdbeeb0db:0x314d995b11692563,,
623,,,,,,,,,,,,,,,,,0x89c25c8352812595:0xc7f94bb3c47bfbb1,,
624,,,,,,,,,,,,,,,,,0x809d6a29da37e5ab:0x2f7eb007593818fa,,
625,,,,,,,,,,,,,,,,,0x89c25a183a90dd95:0x5e007ece3643f3b4,,
626,,,,,,,,,,,,,,,,,0x80d767338ea50483:0x876a5cb9fe83d53b,,
627,,,,,,,,,,,,,,,,,0x80960dccd16e5b5d:0xb5a46661c0de7d11,,
628,,,,,,,,,,,,,,,,,0x808f79a89b333df5:0x7e0bd213e4207919,,
629,,,,,,,,,,,,,,,,,0x80db1b13ee6b0b27:0x4c1ad5487ccefa0f,,
630,,,,,,,,,,,,,,,,,0x89c2f752b636cf23:0xf6305f33ad03967f,,
631,,,,,,,,,,,,,,,,,0x89d00c0f4cecad97:0x7042e433f0f5c3f0,,
632,,,,,,,,,,,,,,,,,0x866fadc10a51ba63:0x7813569c9d9fd6ff,,
633,,,,,,,,,,,,,,,,,0x89c25855c94c74d3:0xc95ae99e0bd55,,
634,,,,,,,,,,,,,,,,,0x80c47b87dc4bacf9:0x54e41ede3a1df6ce,,
635,,,,,,,,,,,,,,,,,0x80946800206e0b9d:0x120490f035bcb476,,
636,,,,,,,,,,,,,,,,,0x80db1bb8e3b40001:0x5733ec34ae9eb67e,,
637,,,,,,,,,,,,,,,,,0x80c2c6368cb76d17:0x86d5ae49c94efa33,,
638,,,,,,,,,,,,,,,,,0x876965468f33e129:0xc59e3da3032e7b4f,,
639,,,,,,,,,,,,,,,,,0x80857faad1bdedcb:0xd78607eef7b80ce7,,
640,,,,,,,,,,,,,,,,,0x80c3533e54464375:0x41e1e51ba8479a9f,,
641,,,,,,,,,,,,,,,,,0x54d2aee29f6e0d01:0xb68d02a33de338f9,,
642,,,,,,,,,"Wheelchair accessible entrance, Wheelchair accessible parking lot",,,,,,,,0x80c2c65694b4310b:0xb8ee90a4d6d2417,,
643,,,,,,,,,,,,,,,,,0x80c2d7bb26c8e0d7:0x1bd4d9b82a417df1,,
644,,,,,,,,,Wheelchair accessible entrance,,,,,,,"Bar onsite, Good for kids, Restaurant",0x80903f5709a60537:0x4f459647125e357e,,
645,,,,,,,,,,,,,,,,,0x80c2c9c172ffd003:0xd290ecc8cdecdcb4,,
646,,,,,,,,,,,,,,,,,0x80dac711504180d3:0x796aaa387b97145,,
647,,,,,,,,,,,,,,,,,0x8084430bc4ac42ef:0xab40de00480003da,,
648,,,,,,,,,,,,,,,,,0x80dc720f66f715e5:0xd1ff10408a8bf14,,
649,,,,,,,,,,,,,,,,,0x80c8c43c0adf776b:0xde6b80d5d049381c,,
650,,,,,,,,,,,,,,,,,0x89e8a49a13505f21:0x683ac9c6be0406a6,,
651,,,,,,,,,,,,,,,,,0x89d8dfd1f4d6133f:0x3e814895de8faef5,,
652,,,,,,,,,,,,,,,,,0x808fb76815902123:0x8862e5f800fbc2fa,,
653,,,,,,,,,,,,,,,,,0x8094c0b835c7b32d:0x56e9b507ebe8323b,,
654,,,,,,,,,,,,,,,,,0x80dce594840f99b7:0x665acd1e0cb3ce47,,
655,,,,,,,,,,,,,,,,,0x80c2bf27200775df:0x9f715ebf9344db0,,
656,,,,,,,Delivery,,Wheelchair accessible entrance,,,,,,,,0x809a69d4c179e2f3:0x394675cf0d9d55dc,,
657,,,,,,,,,,,,,,,,,0x80d956c45d2996c3:0xa04ef575e4c0d6cc,,
658,,,,,,,,,,,,,,,,,0x89d1428e7855c743:0xf9360991f004db1c,,
659,,,,,,,,,,,,,,,,,0x80858756a1bd9f65:0xf0d3b008e4702df6,,
660,,,,,,,,,,,,,,,,,0x89c2d7815adad42b:0xd25244ca3e7a389b,,
661,,,,,,,,,,,,,,,,,0x809012cbe21c0b7f:0xc213d719f063b9b7,,
662,,,,,,,,,,,,,,,,,0x89c244c7ded1d263:0x5c3dac2dc6104026,,
663,,,,,,,,,,,,,,,,,0x80c35320875c0001:0x4c1bf83b050012e,,
664,,,,,,,,,,,,,,,,,0x80d9a2fc8fdfff1f:0x8fafae10a150f3d8,,
665,,,,,,,,,,,,,,,,,0x809b0bfd60e54ce1:0x890c6b8e26b7f3b2,,
666,,,,,,,,,,,,,,,,,0x80c2cf0d6c415495:0x239a4a5458f63d87,,
667,,,,,,,,,Wheelchair accessible entrance,,,,,,,,0x80ec8f445339a301:0x4bf25cf620dc273f,,
668,,,,,,,,,,,,,,,,,0x89de0d1933c5eb53:0x30862ff9c89c138a,,
669,,,,,,,,,,,,,,,,,0x54d1550d145660cf:0xdb3f7a6ff829e7e6,,
670,,,,,,,,,,,,,,,,,0x89d3d3723d06bb69:0xfd1c7c35f9ce41a9,,
671,,,,,,,,,,,,,,,,,0x80c2b12ae344315d:0x473772c581d4bbf2,,
672,,,,,,,,,,,,,,,,,0x80dcde8c3e0eaac7:0x6735e4dbe3195fd8,,
673,,,,,,,,,,,,,,,,,0x8085ac02c3ea9479:0x399257399d0526e5,,
674,,,,,,,,,,,,,,,,,0x80d954af21dbaa15:0xd302afeabe7d31d1,,
675,,,,,,,,,,,,,,,,,0x808f785c6e5b9f9b:0x7f9d99d29ce21287,,
676,,,,,,,,,,,,,,,,,0x89df903680663c8d:0x1ffc93d6315ca700,,
677,,,,,,,,,,,,,,,,,0x89dc677f2939d52d:0xc8d464bcbcded947,,
678,,,,,,,,,,,,,,,,,0x809012a4a6cca545:0x18d5a1e4f1d11212,,
679,,,,,,,,,,,,,,,,,0x808fcb72600c299d:0xc251e558615416be,,
680,,,,,,,,,,,,,,,,,0x89dcbb479ea801ab:0x3c5b96e2989d2ed8,,
681,,,,,,,,,,,,,,,,,0x80c3533b95f778ad:0x3cb195141d302b67,,
682,,,,,,,,,,,,,,,,,0x80db8990623a2961:0xe96307ede7cedbc4,,
683,,,,,,,,,,,,,,,,,0x89d1a68e180e243f:0x34b81e9e5d10a17f,,
684,,,,,,,,,,,,,,,,,0x89d6b45676403d4f:0x12773ba45bb243a5,,
685,,,,,,,,,,,,,,,,,0x80c8c3753fd386c5:0x6c688a4e69fb81d1,,
686,,,,,,,,,,,,,,,,,0x89d3f1e4861c801b:0x37331731c18aa4c2,,
687,,,,,,,,,,,,,,,,,0x809ae02ec54fe1d9:0x9b0b7c3d22fda723,,
688,,,,,,,,,,,,,,,,,0x89d14bf5c9c6e703:0x6a113e7518858da2,,
689,,,,,,,,,,,,,,,,,0x80c2c9688a663dc5:0xdc421898afdb506a,,
690,,,,,,,,,,,,,,,,,0x80c8c43aa28a551b:0x3717bdc8e641d3c1,,
691,,,,,,,,,,,,,,,,,0x80dcf4538ea119e3:0xd5991696b9f92121,,
692,,,,,,,,,,,,,,,,,0x89c2bdb5894bb8d7:0xe0d99ca2427f56e0,,
693,,,,,,,,,,,,,,,,,0x89c2592bf625bead:0xfe68b6430a93ea26,,
694,,,,,,,,,,,,,,,,,0x80c8c43b2e7a89dd:0x25732030bbfbd35c,,
695,,,,,,,,,,,,,,,,,0x80997b2d222df4db:0xe645ec4b3f4d4e37,,
696,,,,,,,,,,,,,,,,,0x80900c32969d35a5:0xf8446817af189b39,,
697,,,,,,,,,,,,,,,,,0x80c2c7c3d7ad0ef5:0x7396a52e5332f7b5,,
698,,,,,,,,,,,,,,,,,0x80dd7298c69a6fa1:0x961665603341676d,,
699,,,,,,,,,,,,,,,,,0x80c8c538c6a9a8c5:0x5963c4a2d87bfeb5,,
700,,,,,,,,,,,,,,,,,0x8084173b1cb6f81d:0x826b12093ffe8fbd,,
701,,,,,,,,,,,,,,,,,0x80dcf10905c44421:0xe38b91219d47657,,
702,,,,,,,,,"Wheelchair accessible entrance, Wheelchair accessible parking lot",,,,,,,,0x80d7691b670023d7:0x637dfbe9ad8ad2f1,,
703,,,,,,,,,,,,,,,,,0x89dc29fe1866f5a9:0xe0022796b55a81a,,
704,,,,,,,,,,,,,,,,,0x89c2598c6c52ed1f:0x972b0c56d9023ac8,,
705,,,,,,,,,,,,,,,,,0x80c2c705d42f680b:0xf146f4a6faed4ab1,,
706,,,,,,,,,,,,,,,,,0x80c280ad61cf7481:0x7d01c3d67cc535de,,
707,,,,,,,,,,,,,,,,,0x80e91525d474ef05:0xb29a92c2454bc9ca,,
708,,,,,,,,,,,,,,,,,0x808df997240f4d23:0x527b9b0db3b93ef9,,
709,,,,,Alcohol,,,,,,,,Trending,,,,0x89c258f5922d74b9:0x85af792fa088fefb,,
710,,,,,,,,,,,,,,,,,0x89d3660958fb1bcb:0x55c9598cd7a91a5c,,
711,Appointments recommended,Appointment required,,,,,,,Wheelchair accessible entrance,,,,,,,,0x80c2bbf935f620b1:0xd203546b04ec4cd8,,
712,,,,,,,,,,,,,,,,,0x89dbd79fee1bb16d:0x30b3960ed244718,,
713,,,,,,,,,,,,,,,,,0x8084be12e56bddfd:0xf0ba63347a9f503c,,
714,,,,,,,,,,,,,,,,,0x80c027df8817f445:0xf36930efa223d6a3,,
715,,,,,,,,,Wheelchair accessible entrance,,,,,,,,0x808580602890099b:0x85a3018084b640d2,,
716,,,,,,,,,,,,,,,,,0x89d146de5a94ee45:0x9c237574ffe7ae2d,,
717,,,,,,,,,,,,,,,,,0x809ad6211ef1a943:0xdb52f47c95570750,,
718,,,,,,,,,,,,,,,,,0x8085065a52d5aa03:0x71d940d3406b8cb6,,
719,,,,,,,,,,,,,,,,,0x89c259a78a9e2a79:0x830b08f0443eb24d,,
720,,,,,,,,,,,,,,,,,0x89c259ab62ac1ea9:0x88424aadb214e624,,
721,,,,,,,,,,,,,,,,,0x80deac97963b14f5:0xebe19960265bd16e,,
722,,,,,,,,,,,,,,,,,0x80c295dd3e2c1c65:0x61c1f0ece152eb0c,,
723,,,,,,,,,,,,,,,,,0x89d1271bf2208b39:0x2e00f2cb26dc7e95,,
724,,,,,,,,,,,,,,,,,0x89dcc76e12e2ac05:0xdfe8c6708dc9d189,,
725,,,,,,,,,,,,,,,,,0x89d96b4c9066e4ef:0xd1aa4d075a912378,,
726,,,,,,,,,,,,,,,,,0x54cb90ac84ad4ed9:0xb3ddf0f8cfd3fd96,,
727,,,,,,,,,,,,,,,,,0x80c2c7b59a819549:0x2a3d32a5b981a960,,
728,,,,,,,,,,,,,,,,,0x808fcb86557c8d35:0x50d8b91c470eacf8,,
729,,,,,,,,,,,,,,,,,0x8085809507a6f949:0x68b31387a6f62b81,,
730,,,,,,,,,,,,,,,,,0x80c2bf3400000001:0xcda4d5cfc9220de6,,
731,,,,,,,,,,,,,,,,,0x8085ce5299fb20b7:0x209f13bbff3d88ea,,
732,,,,,,,,,,,,,,,,,0x808f7976c682756b:0x81d1a28795c6fcf1,,
733,,,,,,,,,,,,,,,,,0x54cde6dfa9afffff:0xb3692eae6100a91b,,
734,,,,,,,,,,,,,,,,,0x80d94ddbe7676f59:0xe4593378722a76d7,,
735,,,,,,,,,,,,,,,,,0x80c2c70a05b80539:0x9503b90922abdce1,,
736,,,"Lunch, Dinner, Solo dining",,"Coffee, Comfort food",Live music,"Outdoor seating, Takeout, Delivery","Groups, Tourists",,,,,"Casual, Cozy, Historic",,,Good for kids,0x809d3410d07b2679:0x9256c19fa962b2ff,,
737,,,,,,,,,,,,,,,,,0x80845280d015d45d:0xe6417be3e2b4ed11,,
738,,,,,,,,,,,,,,,,,0x80c2bdf507ab4457:0xf0b767059c962721,,
739,,,,,,,,,,,,,,,,,0x80e914e96f031a47:0x4782613f31917cb3,,
740,,,,,,,,,,,,,,,,,0x80db89905e4eb2b1:0x214bfff2179ff03c,,
741,,,,,,,,,,,,,,,,,0x80d954a540b46bb7:0xbaecc284b3150ff,,
742,,,,,,,,,,,,,,,,,0x80c28f743682d83b:0x25871966902937f6,,
743,,,,,,,,,,,,,,,,,0x808f93d85fae1569:0x51665cb175ffae47,,
744,,,,,,,,,,,,,,,,,0x80ea6a2a57489b5d:0x9dae26d510ff086e,,
745,,,,,,,,,,,,,,,,,0x80c2b862ac1aa7fb:0xf05f786330271de4,,
746,,,,,,,,,,,,,,,,,0x80c8c3882d34d16f:0xf33b759acb5cd366,,
747,,,,,,,,,,,,,,,,,0x89dd9b8968d0b7a5:0x2b3773dcb07a920a,,
748,,,,,,,,,,,,,,,,,0x80c2b3f6838d0cc9:0xdc85f04e4cc18d47,,
749,,,,,,,,,,,,,,,,,0x80843e7dd486c4ad:0xc17441d054d863f5,,
750,,,,,,,,,,,,,,,,,0x80e912124fabe1fb:0xdbeaf49df6694d45,,
751,,,,,,,,,,,,,,,,,0x89c25c5e3e87ce9b:0x88bbf497193fae22,,
752,,,,,,,,,,,,,,,,,0x89c25c5fbb7ebf39:0x5b11a7e136c8bd57,,
753,,,,,,,,,,,,,,,,,0x80c2c7ff34e12ce9:0xabcc3211045422e,,
754,,,,,,,,,,,,,,,,,0x80900c2cfa79163f:0xbd95c5c67478883e,,
755,,,,,,,,,,,,,,,,,0x80c8c394e5aad12d:0x6743281ce68171e8,,
756,,,,,,,,,,,,,,,,,0x809cd4b262c095b3:0xeb42fc5b5e567e00,,
757,,,,,,,,,,,,,,,,,0x808fcc7b1de5c897:0x881501a6e75ae35c,,
758,,,,,,,,,,,,,,,,,0x80deaac4c7fbc3e1:0x90a2838ec0590903,,
759,,,,,,,,,,,,,,,,,0x80dc721043b85b6f:0x4c220c0ee35416,,
760,,,,,,,,,,,,,,,,,0x80c2cb44ba50188f:0x25978585e85ca3e2,,
761,,,,,,,,,,,,,,,,,0x864c2832a65aaaab:0xf7d8c68b136b5384,,
762,,,,,,,,,,,,,,,,,0x89c26702bc849517:0x976eb480333751e,,
763,,,,,,,,,,,,,,,,,0x89d342effcd19e4b:0xd21d817be4e21e69,,
764,,,,,,,,,,,,,,,,,0x89d947ea0fe93bdb:0x69322b26a7ce69c5,,
765,,,,,,,,,,,,,,,,,0x89dfc44e50a1b069:0x8eb9f5b27bbadbb5,,
766,,,,,,,,,,,,,,,,,0x80c8dd6e32025a89:0x36fa2668063091e3,,
767,,,,,,,,,,,,,,,,,0x80952f4f639e9ecf:0xa58d6d6a8eb00d3e,,
768,,,,,,,,,,,,,,,,,0x89dcc10a45fceb41:0x71a5a6728d964758,,
769,,,,,,,,,,,,,,,,,0x80c2b58fb088443b:0x45cf3b7f424042e,,
770,,,,,,,,,,,,,,,,,0x89d9487613789f45:0xf057e49b60e908ad,,
771,,,,,,,,,,,,,,,,,0x80903d57dcad9391:0xcc74c593dad4134b,,
772,,,,,,,,,,,,,,,,,0x89d99d078f261073:0xa838d300a2294a5b,,
773,,,,,,,,,,,,,,,,,0x89dd7d13b7515661:0x147f2f77dc01741f,,
774,,,,,,,,,,,,,,,,,0x80c4b3bfb2dede9b:0xea134b9db0550d28,,
775,,,,,,,,,,,,,,,,,0x89dfcd1357ff4347:0x4aa5e594baef76cd,,
776,,,,,,,,,,,,,,,,,0x89c2f56d406ec37f:0xbde1617bca1e22e0,,
777,,,,,,,,,,,,,,,,,0x89c2eac96c393afb:0x9cd578e24e89086d,,
778,,,,,,,,,,,,,,,,,0x80deac97ee0e8e09:0xd2b3362e570ff57c,,
779,,,,,,,,,,,,,,,,,0x809c570da9ff5863:0x1975c9ecb5e373c6,,
780,,,,,,,,,,,,,,,,,0x89c2f624ca06fd47:0x76b8d83895bdc9a6,,
781,,,,,,,,,,,,,,,,,0x89c25c4518e7e5cb:0x50f4d806d422906a,,
782,,,,,,,,,,,,,,,,,0x89c25f2b49e870f1:0x6b9e0338edca41a2,,
783,,,,,,,,,,,,,,,,,0x89c259a586ccf82d:0x5ff48b58c7b23bf0,,
784,,,,,,,,,,,,,,,,,0x80deac91ec8ab4fb:0xb9a25b03ec4f0636,,
785,,,,,,,,,,,,,,,,,0x89d954b8b3d7a65d:0x8c92734c8829c08,,
786,,,,,,,,,,,,,,,,,0x80c2bf2314c96269:0xf871604336bd38f0,,
787,,,,,,,,,,,,,,,,,0x808580d6d5c4a129:0xa7a5743f52bcd6e2,,
788,,,,,,,,,,,,,,,,,0x80c2bff0ce851a55:0xc93c29742c1b0b94,,
789,,,,,,,,,,,,,,,,,0x80dbf4bd699eeadf:0xb1d2535d7e044ea4,,
790,,,,,,,,,,,,,,,,,0x89c259a8c72ce547:0xb21944dfe33352a9,,
791,,,,,,,,,,,,,,,,,0x80db1f6267af0e01:0xfbe11069a757bb72,,
792,,,,,,,,,,,,,,,,,0x80830342e2cf4315:0x1670c1d282057b57,,
793,,,,,,,,,,,,,,,,,0x808fcb8f9fd9b049:0x9c741a0a88c745c0,,
794,,,,,,,,,,,,,,,,,0x80c2bb7ad483f5f5:0x2e6b72852b8e0212,,
795,,,,,,,,,Wheelchair accessible entrance,,,,,,,,0x809964b03d02366b:0x19778b972ecbba4e,,
796,,,,,,,,,,,,,,,,,0x80c2beaf32e443dd:0x33b9ca7b849ac8c9,,
797,,,,,,,,,,,,,,,,,0x80c8c43dd7787c71:0xe200aa57c8c4e8de,,
798,,,,,,,,,,,,,,,,,0x80d75a11348ce821:0x1ee0e5f53c6f917d,,
799,,,,,,,,,,,,,,,,,0x80dcd62ac2f4fa77:0x4994c00a1509fee9,,
800,,,,,,,,,,,,,,,,,0x80c2cf9cb9b89645:0xac29dc0af8f8a73d,,
801,,,,,,,,,,,,,,,,,0x80c290208dba76d7:0xf5f53141e0d719e2,,
802,,,,,,,,,,,,,,,,,0x80ecc542224a0a61:0x3315e0f1fe26952c,,
803,,,,,,,,,,,,,,,,,0x808de4fc11c4bae3:0x34e2a76702e449c,,
804,,,,,,,,,,,,,,,,,0x4ccd03440148aab9:0xf6083705354b62c6,,
805,,,,,,,,,,,,,,,,,0x80c16cc6dfd95803:0x94012cee4c99decc,,
806,,,,,,,,,,,,,,,,,0x89d6b356de5cf997:0xe57c81d729b0637e,,
807,,,,,,,,,,,,,,,,,0x89c2591d55b745d3:0xde073f30184532d3,,
808,,,,,,,,,,,,,,,,,0x54d074c6b07af8cd:0x96728cbed036edef,,
809,,,,,,,,,,,,,,,,,0x89c25a550a55b86d:0xf9967ea3863e55bc,,
810,,,,,,,,,,,,,,,,,0x80858094a685e009:0xab09b07956096301,,
811,,,,,,,,,,,,,,,,,0x89c260cf46b4689b:0x3982c68992efb7e6,,
812,,,,,,,,,,,,,,,,,0x89d35d37122344fd:0x36d7ee429ec4f3f7,,
813,,,,,Alcohol,,,,,,,,,,,,0x89c259a0fdcd87d9:0x31880442280dbcbc,,
814,,,,,,,,,,,,,,,,,0x89d2a8e54c5c9ce5:0xe349c9faf337164e,,
815,,,,,,,,,,,,,,,,,0x80ea69890fe64dd3:0x6f8afbfeabcb1dfa,,
816,,,,,,,,,,,,,,,,,0x80db1b11c168e8c9:0xc1e390494da3ec9b,,
817,,,,,,,,,,,,,,,,,0x80804abeb05ed849:0x5697cbe222f3c37f,,
818,,,,,,,,,,,,,,,,,0x80858093df70e411:0xb35a227eb8bbd985,,
819,,,,,,,,,,,,,,,,,0x89dc1d3269422229:0xf63aba975804fb6a,,
820,"Dinner reservations recommended, Accepts reservations","Mask required, Staff required to disinfect surfaces between visits","Dinner, Solo dining",Dessert,"Coffee, Comfort food, Healthy options, Vegetarian options","Great coffee, Great dessert","Delivery, Takeout, Dine-in","Groups, Tourists",Wheelchair accessible entrance,,,,"Cozy, Historic, Romantic, Upscale",,,High chairs,0x89dbd818444b5807:0xe1ad983351f5141d,,
821,,,,,,,,,,,,,,,,,0x80c352239598a791:0x29ff07f3455033,,
822,,,,,,,,,,,,,,,,,0x809a69ce9b717705:0x83cf8cfad229f9df,,
823,,,,,,,Delivery,,,,,,,,,"Bar onsite, Good for kids, Wi-Fi",0x54d46d0f8ce9f3d7:0x75cf5b6212e9abd6,,
824,,,,,,,,,,,,,,,,,0x89d9e8d2ecfaaaab:0xe3eb74228cc16f6a,,
825,,,,,,,,,,,,,,,,,0x89d9e8cd8328ad35:0x3aeb9f7f41fbe,,
826,,,,,,,,,,,,,,,,,0x89c25a3cb220501d:0x69fe4bc857c0b3b9,,
827,,,,,,,,,,,,,,,,,0x80deab9bafa02e07:0xf22ddd778d06d9b6,,
828,,,,,,,,,,,,,,,,,0x80c2b65ec0553da1:0xb8885b1acaa33882,,
829,,,,,,,,,,,,,,,,,0x89d9476d4c431281:0x985ce8570a82dd1c,,
830,,,,,,,,,,,,,,,,,0x80960dcbf0d45c83:0x7fe49a81c511b9fd,,
831,,,,,,,,,,,,,,,,,0x80ce2371b9d6a98f:0x51ecbd7753d0db5e,,
832,,,,,,,,,Wheelchair accessible entrance,,,,,,,,0x808fc9583c995215:0xb5c4d88326dfd522,,
833,,,,,,,,,,,,,,,,,0x80c8c3759a6a67c9:0x764880ab330d4680,,
834,,,,,,,,,,,,,,,,,0x80960db73ccb915b:0x48be80107c2a3516,,
835,,,,,,,,,,,,,,,,,0x808f7a896afb9291:0xb97c376e20d2e31f,,
836,,,,,,,,,,,,,,,,,0x89c25a10c46e5517:0xa6db57b222d111d9,,
837,,,,,,,,,,,,,,,,,0x880f0f5f8eb6e06f:0x2b9adca8c33aa956,,
838,,,,,,,,,,,,,,,,,0x80c8c3848b19eb7f:0x76170e135ed78ca9,,
839,,,,,,,,,,,,,,,,,0x80c2c7a04402a01b:0xa6aeb5dba211a306,,
840,,,,,,,,,,,,,,,,,0x8091425ee20ea651:0xd0a3b52d5a89e8f,,
841,,,,,,,,,,,,,,,,,0x80db1bc6a0a6cd97:0xe61552fcf44b6957,,
842,,,,,,,,,,,,,,,,,0x89dfce4984aaa485:0xacbd33cecf7d50d4,,
843,,,,,,,,,,,,,,,,,0x89dcc7767cf10d83:0xbebc20502e84a916,,
